1,0,1,A47B9D000001,02-28 15:11:54
2,0,2,A47B9D000001,02-28 15:12:01
3,0,3,A47B9D000001,02-28 15:12:05
4,0,4,A47B9D000001,02-28 15:12:09
5,0,5,2c3ae8080000,02-28 15:12:13
6,0,6,2c3ae8080000,02-28 15:12:13
7,0,7,A47B9D000001,02-28 15:12:14
8,0,8,A47B9D000001,02-28 15:12:14
9,0,9,A47B9D000001,02-28 15:12:19
10,0,10,2c3ae8080000,02-28 15:12:19
11,0,11,2c3ae8080000,02-28 15:12:19
12,0,12,A47B9D000001,02-28 15:12:20
13,0,13,A47B9D000001,02-28 15:12:23
14,0,14,2c3ae8080000,02-28 15:12:23
15,0,15,2c3ae8080000,02-28 15:12:23
16,0,16,A47B9D000001,02-28 15:12:25
17,0,17,A47B9D000001,02-28 15:12:27
18,0,18,2c3ae8080000,02-28 15:12:27
19,0,19,2c3ae8080000,02-28 15:12:27
20,0,20,A47B9D000001,02-28 15:12:29
21,0,21,A47B9D000001,02-28 15:12:37
22,0,22,2c3ae8080000,02-28 15:12:37
23,0,23,2c3ae8080000,02-28 15:12:37
24,0,24,A47B9D000001,02-28 15:12:38
25,0,25,A47B9D000001,02-28 15:16:58
26,0,26,A47B9D000001,02-28 15:17:05
27,0,27,2c3ae8080000,02-28 15:17:10
28,0,28,2c3ae8080000,02-28 15:17:10
29,0,29,2c3ae8080000,02-28 15:17:10
30,0,30,A47B9D000001,02-28 15:17:15
31,0,31,2c3ae8080000,02-28 15:17:17
32,0,32,2c3ae8080000,02-28 15:17:17
33,0,33,2c3ae8080000,02-28 15:17:17
34,0,34,A47B9D000001,02-28 15:17:17
35,0,35,2c3ae8080000,02-28 15:18:51
36,0,36,2c3ae8080000,02-28 15:18:51
37,0,37,2c3ae8080000,02-28 15:18:51
38,0,38,2c3ae8080000,02-28 15:18:56
39,0,39,2c3ae8080000,02-28 15:31:02
40,0,40,2c3ae8080000,02-28 15:31:02
41,0,41,2c3ae8080000,02-28 15:31:02
42,0,42,2c3ae8080000,02-28 15:31:03
43,0,43,2c3ae8080000,02-28 15:31:03
44,0,44,2c3ae8080000,02-28 15:31:03
45,0,45,2c3ae8080000,02-28 15:31:04
46,0,46,2c3ae8080000,02-28 15:31:04
47,0,47,2c3ae8080000,02-28 15:31:04
48,0,48,2c3ae8080000,02-28 15:31:05
49,0,49,2c3ae8080000,02-28 15:31:05
50,0,50,2c3ae8080000,02-28 15:31:05
51,0,51,2c3ae8080000,02-28 15:31:06
52,0,52,2c3ae8080000,02-28 15:31:06
53,0,53,2c3ae8080000,02-28 15:31:06
54,0,54,2c3ae8080000,02-28 15:31:07
55,0,55,2c3ae8080000,02-28 15:31:07
56,0,56,2c3ae8080000,02-28 15:31:07
57,0,57,2c3ae8080000,02-28 15:31:08
58,0,58,2c3ae8080000,02-28 15:31:08
59,0,59,2c3ae8080000,02-28 15:31:08
60,0,60,2c3ae8080000,02-28 15:31:08
61,0,61,2c3ae8080000,02-28 15:31:09
62,0,62,2c3ae8080000,02-28 15:31:09
63,0,63,2c3ae8080000,02-28 15:31:09
64,0,64,2c3ae8080000,02-28 15:31:10
65,0,65,2c3ae8080000,02-28 15:31:10
66,0,66,2c3ae8080000,02-28 15:31:10
67,0,67,A47B9D000001,02-28 15:31:11
68,0,68,2c3ae8080000,02-28 15:31:11
69,0,69,2c3ae8080000,02-28 15:31:11
70,0,70,A47B9D000001,02-28 15:31:12
71,0,71,2c3ae8080000,02-28 15:31:12
72,0,72,2c3ae8080000,02-28 15:31:12
73,0,73,A47B9D000001,02-28 15:31:13
74,0,74,2c3ae8080000,02-28 15:31:13
75,0,75,2c3ae8080000,02-28 15:31:13
76,0,76,A47B9D000001,02-28 15:31:14
77,0,77,2c3ae8080000,02-28 15:31:14
78,0,78,2c3ae8080000,02-28 15:31:14
79,0,79,A47B9D000001,02-28 15:31:15
80,0,80,2c3ae8080000,02-28 15:31:15
81,0,81,2c3ae8080000,02-28 15:31:15
82,0,82,A47B9D000001,02-28 15:31:16
83,0,83,2c3ae8080000,02-28 15:31:16
84,0,84,2c3ae8080000,02-28 15:31:16
85,0,85,A47B9D000001,02-28 15:31:17
86,0,86,2c3ae8080000,02-28 15:31:17
87,0,87,2c3ae8080000,02-28 15:31:17
88,0,88,A47B9D000001,02-28 15:31:18
89,0,89,2c3ae8080000,02-28 15:31:18
90,0,90,2c3ae8080000,02-28 15:31:18
91,0,91,A47B9D000001,02-28 15:31:19
92,0,92,2c3ae8080000,02-28 15:31:19
93,0,93,2c3ae8080000,02-28 15:31:19
94,0,94,A47B9D000001,02-28 15:31:20
95,0,95,2c3ae8080000,02-28 15:31:20
96,0,96,2c3ae8080000,02-28 15:31:20
97,0,97,A47B9D000001,02-28 15:31:21
98,0,98,2c3ae8080000,02-28 15:31:21
99,0,99,2c3ae8080000,02-28 15:31:21
100,0,100,A47B9D000001,02-28 15:31:22
101,0,101,2c3ae8080000,02-28 15:31:22
102,0,102,2c3ae8080000,02-28 15:31:22
103,0,103,A47B9D000001,02-28 15:31:22
104,0,104,2c3ae8080000,02-28 15:31:23
105,0,105,2c3ae8080000,02-28 15:31:23
106,0,106,A47B9D000001,02-28 15:31:24
107,0,107,2c3ae8080000,02-28 15:31:24
108,0,108,2c3ae8080000,02-28 15:31:24
109,0,109,A47B9D000001,02-28 15:31:25
110,0,110,A47B9D000001,02-28 15:31:25
111,0,111,2c3ae8080000,02-28 15:31:25
112,0,112,2c3ae8080000,02-28 15:31:25
113,0,113,A47B9D000001,02-28 15:31:26
114,0,114,2c3ae8080000,02-28 15:31:26
115,0,115,2c3ae8080000,02-28 15:31:26
116,0,116,A47B9D000001,02-28 15:31:27
117,0,117,2c3ae8080000,02-28 15:31:27
118,0,118,2c3ae8080000,02-28 15:31:27
119,0,119,A47B9D000001,02-28 15:31:27
120,0,120,2c3ae8080000,02-28 15:31:28
121,0,121,2c3ae8080000,02-28 15:31:28
122,0,122,A47B9D000001,02-28 15:31:29
123,0,123,2c3ae8080000,02-28 15:31:29
124,0,124,2c3ae8080000,02-28 15:31:29
125,0,125,A47B9D000001,02-28 15:31:30
126,0,126,A47B9D000001,02-28 15:31:30
127,0,127,2c3ae8080000,02-28 15:31:30
128,0,128,2c3ae8080000,02-28 15:31:30
129,0,129,A47B9D000001,02-28 15:31:31
130,0,130,2c3ae8080000,02-28 15:31:31
131,0,131,2c3ae8080000,02-28 15:31:31
132,0,132,A47B9D000001,02-28 15:31:32
133,0,133,2c3ae8080000,02-28 15:31:32
134,0,134,2c3ae8080000,02-28 15:31:32
135,0,135,A47B9D000001,02-28 15:31:32
136,0,136,2c3ae8080000,02-28 15:31:33
137,0,137,2c3ae8080000,02-28 15:31:33
138,0,138,A47B9D000001,02-28 15:31:33
139,0,139,2c3ae8080000,02-28 15:31:34
140,0,140,2c3ae8080000,02-28 15:31:34
141,0,141,A47B9D000001,02-28 15:31:35
142,0,142,A47B9D000001,02-28 15:31:35
143,0,143,2c3ae8080000,02-28 15:31:35
144,0,144,2c3ae8080000,02-28 15:31:35
145,0,145,A47B9D000001,02-28 15:31:36
146,0,146,2c3ae8080000,02-28 15:31:36
147,0,147,2c3ae8080000,02-28 15:31:36
148,0,148,A47B9D000001,02-28 15:31:37
149,0,149,2c3ae8080000,02-28 15:31:37
150,0,150,A47B9D000001,02-28 15:31:37
151,0,151,2c3ae8080000,02-28 15:31:37
152,0,152,2c3ae8080000,02-28 15:31:38
153,0,153,2c3ae8080000,02-28 15:31:38
154,0,154,A47B9D000001,02-28 15:31:38
155,0,155,2c3ae8080000,02-28 15:31:39
156,0,156,2c3ae8080000,02-28 15:31:39
157,0,157,A47B9D000001,02-28 15:31:40
158,0,158,A47B9D000001,02-28 15:31:40
159,0,159,2c3ae8080000,02-28 15:31:40
160,0,160,2c3ae8080000,02-28 15:31:40
161,0,161,A47B9D000001,02-28 15:31:41
162,0,162,2c3ae8080000,02-28 15:31:41
163,0,163,2c3ae8080000,02-28 15:31:41
164,0,164,A47B9D000001,02-28 15:31:42
165,0,165,2c3ae8080000,02-28 15:31:42
166,0,166,A47B9D000001,02-28 15:31:42
167,0,167,2c3ae8080000,02-28 15:31:42
168,0,168,2c3ae8080000,02-28 15:31:43
169,0,169,2c3ae8080000,02-28 15:31:43
170,0,170,A47B9D000001,02-28 15:31:43
171,0,171,2c3ae8080000,02-28 15:31:44
172,0,172,2c3ae8080000,02-28 15:31:44
173,0,173,A47B9D000001,02-28 15:31:44
174,0,174,A47B9D000001,02-28 15:31:44
175,0,175,2c3ae8080000,02-28 15:31:45
176,0,176,2c3ae8080000,02-28 15:31:45
177,0,177,A47B9D000001,02-28 15:31:46
178,0,178,2c3ae8080000,02-28 15:31:46
179,0,179,2c3ae8080000,02-28 15:31:46
180,0,180,A47B9D000001,02-28 15:31:47
181,0,181,A47B9D000001,02-28 15:31:47
182,0,182,2c3ae8080000,02-28 15:31:47
183,0,183,2c3ae8080000,02-28 15:31:47
184,0,184,2c3ae8080000,02-28 15:31:48
185,0,185,2c3ae8080000,02-28 15:31:48
186,0,186,A47B9D000001,02-28 15:31:48
187,0,187,2c3ae8080000,02-28 15:31:49
188,0,188,2c3ae8080000,02-28 15:31:49
189,0,189,A47B9D000001,02-28 15:31:49
190,0,190,A47B9D000001,02-28 15:31:49
191,0,191,2c3ae8080000,02-28 15:31:50
192,0,192,2c3ae8080000,02-28 15:31:50
193,0,193,A47B9D000001,02-28 15:31:51
194,0,194,2c3ae8080000,02-28 15:31:51
195,0,195,2c3ae8080000,02-28 15:31:51
196,0,196,A47B9D000001,02-28 15:31:52
197,0,197,A47B9D000001,02-28 15:31:52
198,0,198,2c3ae8080000,02-28 15:31:52
199,0,199,2c3ae8080000,02-28 15:31:52
200,0,200,2c3ae8080000,02-28 15:31:53
201,0,201,A47B9D000001,02-28 15:31:53
202,0,202,2c3ae8080000,02-28 15:31:53
203,0,203,2c3ae8080000,02-28 15:31:54
204,0,204,2c3ae8080000,02-28 15:31:54
205,0,205,A47B9D000001,02-28 15:31:54
206,0,206,A47B9D000001,02-28 15:31:54
207,0,207,2c3ae8080000,02-28 15:31:55
208,0,208,2c3ae8080000,02-28 15:31:55
209,0,209,A47B9D000001,02-28 15:31:56
210,0,210,2c3ae8080000,02-28 15:31:56
211,0,211,2c3ae8080000,02-28 15:31:56
212,0,212,A47B9D000001,02-28 15:31:57
213,0,213,A47B9D000001,02-28 15:31:57
214,0,214,2c3ae8080000,02-28 15:31:57
215,0,215,2c3ae8080000,02-28 15:31:57
216,0,216,2c3ae8080000,02-28 15:31:58
217,0,217,A47B9D000001,02-28 15:31:58
218,0,218,2c3ae8080000,02-28 15:31:58
219,0,219,2c3ae8080000,02-28 15:31:59
220,0,220,2c3ae8080000,02-28 15:31:59
221,0,221,A47B9D000001,02-28 15:31:59
222,0,222,A47B9D000001,02-28 15:31:59
223,0,223,A47B9D000001,02-28 15:44:57
224,0,224,A47B9D000001,02-28 15:44:59
225,0,225,A47B9D000001,02-28 15:45:01
226,0,226,A47B9D000001,02-28 15:45:04
227,0,227,A47B9D000001,02-28 15:45:06
228,0,228,A47B9D000001,02-28 15:45:09
229,0,229,A47B9D000001,02-28 15:45:11
230,0,230,A47B9D000001,02-28 15:45:14
231,0,231,A47B9D000001,02-28 15:45:16
232,0,232,A47B9D000001,02-28 15:45:29
233,0,233,18FE34A2C752,03-01 15:10:06
234,0,234,18FE34A2C752,03-01 15:10:06
235,0,235,18FE34A2C752,03-01 15:12:53
236,0,236,18FE34A2C752,03-01 15:12:53
237,0,237,18FE34A2C752,03-01 15:13:41
238,0,238,18FE34A2C752,03-01 15:13:41
239,0,239,000000000000,03-01 15:13:47
240,0,240,000000000000,03-01 15:13:47
241,0,241,000000000000,03-01 15:13:47
242,0,242,000000000000,03-01 15:13:51
243,0,243,000000000000,03-01 15:13:51
244,0,244,000000000000,03-01 15:13:51
245,0,245,000000000000,03-01 15:13:56
246,0,246,000000000000,03-01 15:13:56
247,0,247,000000000000,03-01 15:13:56
248,0,248,18FE34A2C752,03-01 15:13:58
249,0,249,18FE34A2C752,03-01 15:13:58
250,0,250,000000000000,03-01 15:14:00
251,0,251,000000000000,03-01 15:14:00
252,0,252,18FE34A2C752,03-01 15:14:02
253,0,253,18FE34A2C752,03-01 15:14:02
254,0,254,18FE34A2C752,03-01 15:15:47
255,0,255,18FE34A2C752,03-01 15:16:12
256,0,256,18FE34A2C752,03-01 15:16:12
257,0,257,18FE34A2C752,03-01 15:18:09
258,0,258,18FE34A2C752,03-01 15:18:09
259,0,259,18FE34A2C752,03-01 15:18:52
260,0,260,18FE34A2C752,03-01 15:18:52
261,0,261,18FE34A2C752,03-01 15:19:11
262,0,262,18FE34A2C752,03-01 15:19:15
263,0,263,18FE34A2C752,03-01 15:19:20
264,0,264,18FE34A2C752,03-01 15:19:24
265,0,265,18FE34A2C752,03-01 15:19:34
266,0,266,18FE34A2C752,03-01 15:19:39
267,0,267,18FE34A2C752,03-01 15:19:43
268,0,268,18FE34A2C752,03-01 15:19:48
269,1,268,18FE34A2C752,03-01 15:20:06
270,2,268,18FE34A2C752,03-01 15:20:06
271,3,268,18FE34A2C752,03-01 15:20:21
272,4,268,18FE34A2C752,03-01 15:20:21
273,5,268,18FE34A2C752,03-01 15:20:51
274,6,268,18FE34A2C752,03-01 15:20:51
275,7,268,18FE34A2C752,03-01 15:21:07
276,8,268,18FE34A2C752,03-01 15:21:08
277,9,268,18FE34A2C752,03-01 15:21:24
278,10,268,18FE34A2C752,03-01 15:21:24
279,10,269,18FE34A2C752,03-01 15:21:55
280,10,270,18FE34A2C752,03-01 15:22:00
281,10,271,18FE34A2C752,03-01 15:22:04
282,10,272,18FE34A2C752,03-01 15:22:09
283,10,273,000000000000,03-01 15:24:26
284,10,274,000000000000,03-01 15:24:26
285,10,275,000000000000,03-01 15:24:26
286,10,276,000000000000,03-01 15:24:30
287,10,277,000000000000,03-01 15:24:31
288,10,278,000000000000,03-01 15:24:31
289,10,279,000000000000,03-01 15:24:35
290,10,280,18FE34A2C752,03-01 15:24:41
291,10,281,18FE34A2C752,03-01 15:24:41
292,10,282,18FE34A2C752,03-01 15:24:54
293,10,283,18FE34A2C752,03-01 15:24:54
294,11,283,18FE34A2C752,03-01 15:25:14
295,12,283,18FE34A2C752,03-01 15:25:14
296,13,283,18FE34A2C752,03-01 15:25:29
297,14,283,18FE34A2C752,03-01 15:25:29
298,15,283,18FE34A2C752,03-01 15:25:40
299,16,283,18FE34A2C752,03-01 15:25:40
300,17,283,18FE34A2C752,03-01 15:25:52
301,18,283,18FE34A2C752,03-01 15:25:52
302,19,283,18FE34A2C752,03-01 15:28:08
303,20,283,18FE34A2C752,03-01 15:28:19
304,21,283,18FE34A2C752,03-01 15:29:05
305,21,284,18FE34A2C752,03-01 15:29:58
306,21,285,18FE34A2C752,03-01 15:32:06
307,21,286,18FE34A2C752,03-01 15:48:08
308,21,287,18FE34A2C752,03-01 15:48:31
309,21,288,18FE34A2C752,03-01 15:48:54
310,21,289,18FE34A2C752,03-01 15:49:10
311,21,290,18FE34A2C752,03-01 15:50:41
312,21,291,18FE34A2C752,03-01 15:51:00
313,21,292,18FE34A2C752,03-01 15:55:43
314,21,293,18FE34A2C752,03-01 15:59:23
315,21,294,18FE34A2C752,03-01 15:59:57
316,21,295,18FE34A2C752,03-01 16:03:51
317,22,295,18FE34A2C752,03-01 16:04:34
318,23,295,18FE34A2C752,03-01 16:04:50
319,23,296,18FE34A2C752,03-01 16:16:30
320,23,297,18FE34A2C752,03-01 16:17:04
321,24,297,18FE34A2C752,03-01 16:17:30
322,25,297,A47B9D000001,03-01 16:18:24
323,26,297,18FE34A2C752,03-01 16:18:25
324,27,297,18FE34A2C752,03-01 16:18:39
325,27,298,A47B9D000001,03-01 16:18:42
326,28,298,18FE34A2C752,03-01 16:18:56
327,28,299,A47B9D000001,03-01 16:18:59
328,29,299,A47B9D000001,03-01 16:20:19
329,29,300,18FE34A2C752,03-01 16:20:25
330,29,301,A47B9D000001,03-01 16:30:16
331,29,302,18FE34A2C752,03-01 16:30:30
332,29,303,18FE34A2C752,03-01 16:31:31
333,29,304,A47B9D000001,03-01 16:31:51
334,29,305,18FE34A2C752,03-01 16:40:34
335,29,306,A47B9D000001,03-01 16:40:40
336,29,307,A47B9D000001,03-01 16:41:25
337,29,308,18FE34A2C752,03-01 16:41:31
338,30,308,18FE34A2C752,03-01 16:42:26
339,30,309,A47B9D000001,03-01 16:42:37
340,31,309,18FE34A2C752,03-01 16:43:04
341,31,310,A47B9D000001,03-01 16:43:13
342,31,311,A47B9D000001,03-01 16:44:51
343,31,312,18FE34A2C752,03-01 16:45:03
344,31,313,A47B9D000001,03-01 16:45:26
345,31,314,A47B9D000001,03-01 16:46:18
346,31,315,18FE34A2C752,03-01 16:46:21
347,32,315,18FE34A2C752,03-01 16:47:50
348,32,316,18FE34A2C752,03-01 16:56:54
349,32,317,A47B9D000001,03-01 16:57:44
350,32,318,18FE34A2C752,03-01 16:57:47
351,33,318,18FE34A2C752,03-01 16:58:55
352,33,319,A47B9D000001,03-01 16:59:01
353,33,320,A47B9D000001,03-01 16:59:41
354,33,321,18FE34A2C752,03-01 16:59:42
355,33,322,A47B9D000001,03-01 17:00:21
356,34,322,18FE34A2C752,03-01 17:00:22
357,35,322,18FE34A2C752,03-01 17:01:02
358,35,323,A47B9D000001,03-01 17:01:05
359,36,323,A47B9D000001,03-01 17:19:45
360,37,323,18FE34A2C752,03-01 17:19:50
361,37,324,000000000000,03-01 17:19:50
362,37,325,000000000000,03-01 17:19:51
363,37,326,A47B9D000001,03-01 17:20:22
364,38,326,18FE34A2C752,03-01 17:20:28
365,38,327,000000000000,03-01 17:20:28
366,38,328,000000000000,03-01 17:20:29
367,39,328,A47B9D000001,03-01 17:21:04
368,40,328,18FE34A2C752,03-01 17:21:09
369,40,329,000000000000,03-01 17:21:10
370,40,330,000000000000,03-01 17:21:10
371,41,330,A47B9D000001,03-01 17:21:47
372,42,330,18FE34A2C752,03-01 17:21:52
373,42,331,000000000000,03-01 17:21:53
374,42,332,000000000000,03-01 17:21:53
375,42,333,18FE34A2C752,03-01 18:21:57
376,43,333,A47B9D000001,03-01 18:22:48
377,44,333,18FE34A2C752,03-01 18:22:59
378,45,333,A47B9D000001,03-01 18:23:10
379,45,334,18FE34A2C752,03-01 18:23:13
380,46,334,A47B9D000001,03-01 18:23:25
381,46,335,18FE34A2C752,03-01 18:23:28
382,46,336,18FE34A2C752,03-01 18:24:16
383,46,337,A47B9D000001,03-01 18:24:19
384,46,338,A47B9D000001,03-01 18:24:37
385,47,338,A47B9D000001,03-01 18:43:55
386,48,338,A47B9D000001,03-01 18:44:14
387,49,338,18FE34A2C752,03-01 18:45:06
388,50,338,A47B9D000001,03-01 18:45:10
389,51,338,A47B9D000001,03-01 18:45:21
390,52,338,18FE34A2C752,03-01 18:45:22
391,52,339,A47B9D000001,03-01 18:45:38
392,52,340,18FE34A2C752,03-01 18:45:39
393,53,340,A47B9D000001,03-01 18:46:44
394,54,340,18FE34A2C752,03-01 18:46:44
395,54,341,18FE34A2C752,03-01 18:46:48
396,54,342,18FE34A2C752,03-01 18:46:52
397,54,343,18FE34A2C752,03-01 18:46:53
398,55,343,A47B9D000001,03-01 18:46:53
399,55,344,18FE34A2C752,03-01 18:46:58
400,55,345,18FE34A2C752,03-01 18:47:01
401,55,346,A47B9D000001,03-01 18:47:05
402,55,347,18FE34A2C752,03-01 18:47:05
403,55,348,18FE34A2C752,03-01 18:47:05
404,55,349,18FE34A2C752,03-01 18:47:09
405,55,350,18FE34A2C752,03-01 18:47:12
406,55,351,18FE34A2C752,03-01 18:47:13
407,55,352,A47B9D000001,03-01 18:47:14
408,55,353,18FE34A2C752,03-01 18:47:17
409,55,354,18FE34A2C752,03-01 18:47:20
410,55,355,18FE34A2C752,03-01 18:47:24
411,55,356,18FE34A2C752,03-01 18:47:25
412,55,357,A47B9D000001,03-01 18:47:27
413,55,358,18FE34A2C752,03-01 18:47:29
414,55,359,18FE34A2C752,03-01 18:47:32
415,55,360,18FE34A2C752,03-01 18:47:36
416,55,361,A47B9D000001,03-01 18:47:36
417,55,362,18FE34A2C752,03-01 18:47:37
418,55,363,18FE34A2C752,03-01 18:47:40
419,55,364,18FE34A2C752,03-01 18:47:44
420,55,365,18FE34A2C752,03-01 18:47:48
421,55,366,18FE34A2C752,03-01 18:47:48
422,55,367,A47B9D000001,03-01 18:47:51
423,55,368,A47B9D000001,03-01 18:48:03
424,56,368,A47B9D000001,03-01 18:51:43
425,57,368,18FE34A2C752,03-01 18:52:26
426,57,369,18FE34A2C752,03-01 18:52:37
427,57,370,18FE34A2C752,03-01 18:52:45
428,57,371,18FE34A2C752,03-01 18:52:52
429,58,371,A47B9D000001,03-01 18:52:56
430,58,372,18FE34A2C752,03-01 18:53:01
431,58,373,18FE34A2C752,03-01 18:53:02
432,58,374,A47B9D000001,03-01 18:55:29
433,59,374,18FE34A2C752,03-01 18:55:29
434,59,375,18FE34A2C752,03-01 18:55:33
435,59,376,18FE34A2C752,03-01 18:55:37
436,59,377,18FE34A2C752,03-01 18:55:40
437,60,377,18FE34A2C752,03-01 18:55:40
438,60,378,A47B9D000001,03-01 18:55:41
439,60,379,18FE34A2C752,03-01 18:55:44
440,60,380,18FE34A2C752,03-01 18:55:48
441,60,381,A47B9D000001,03-01 18:55:50
442,61,381,18FE34A2C752,03-01 18:55:50
443,61,382,18FE34A2C752,03-01 18:55:54
444,61,383,18FE34A2C752,03-01 18:55:58
445,62,383,18FE34A2C752,03-01 18:56:01
446,62,384,A47B9D000001,03-01 18:56:02
447,62,385,18FE34A2C752,03-01 18:56:04
448,62,386,18FE34A2C752,03-01 18:56:08
449,62,387,18FE34A2C752,03-01 18:56:12
450,62,388,18FE34A2C752,03-01 18:56:15
451,62,389,18FE34A2C752,03-01 18:56:19
452,62,390,18FE34A2C752,03-01 18:56:23
453,62,391,18FE34A2C752,03-01 18:56:26
454,62,392,18FE34A2C752,03-01 18:56:30
455,62,393,18FE34A2C752,03-01 18:56:34
456,62,394,18FE34A2C752,03-01 18:56:37
457,62,395,18FE34A2C752,03-01 18:56:41
458,62,396,18FE34A2C752,03-01 18:56:45
459,62,397,18FE34A2C752,03-01 18:56:48
460,62,398,18FE34A2C752,03-01 18:56:50
461,62,399,18FE34A2C752,03-01 18:56:54
462,62,400,A47B9D000001,03-01 18:56:54
463,62,401,18FE34A2C752,03-01 18:56:58
464,62,402,18FE34A2C752,03-01 18:57:01
465,62,403,18FE34A2C752,03-01 18:57:05
466,62,404,18FE34A2C752,03-01 18:57:09
467,62,405,18FE34A2C752,03-01 18:57:12
468,62,406,18FE34A2C752,03-01 18:57:16
469,62,407,18FE34A2C752,03-01 18:57:19
470,62,408,18FE34A2C752,03-01 18:57:23
471,62,409,18FE34A2C752,03-01 18:57:27
472,62,410,18FE34A2C752,03-01 18:57:30
473,62,411,18FE34A2C752,03-01 18:57:34
474,62,412,18FE34A2C752,03-01 18:57:38
475,62,413,18FE34A2C752,03-01 18:57:41
476,62,414,18FE34A2C752,03-01 18:57:44
477,62,415,A47B9D000001,03-01 18:57:47
478,62,416,18FE34A2C752,03-01 18:57:48
479,62,417,18FE34A2C752,03-01 18:57:52
480,62,418,18FE34A2C752,03-01 18:57:55
481,62,419,18FE34A2C752,03-01 18:57:59
482,62,420,18FE34A2C752,03-01 18:58:03
483,62,421,18FE34A2C752,03-01 18:58:06
484,62,422,18FE34A2C752,03-01 18:58:10
485,62,423,18FE34A2C752,03-01 18:58:13
486,62,424,18FE34A2C752,03-01 18:58:17
487,62,425,18FE34A2C752,03-01 18:58:30
488,62,426,A47B9D000001,03-01 18:58:39
489,62,427,18FE34A2C752,03-01 18:58:42
490,62,428,18FE34A2C752,03-01 18:58:45
491,62,429,18FE34A2C752,03-01 18:58:49
492,62,430,18FE34A2C752,03-01 18:58:52
493,62,431,18FE34A2C752,03-01 18:58:56
494,62,432,18FE34A2C752,03-01 18:59:00
495,62,433,18FE34A2C752,03-01 18:59:03
496,62,434,18FE34A2C752,03-01 18:59:07
497,62,435,18FE34A2C752,03-01 18:59:10
498,62,436,18FE34A2C752,03-01 18:59:14
499,62,437,18FE34A2C752,03-01 18:59:18
500,62,438,18FE34A2C752,03-01 18:59:21
501,62,439,18FE34A2C752,03-01 18:59:23
502,62,440,18FE34A2C752,03-01 18:59:26
503,62,441,18FE34A2C752,03-01 18:59:30
504,62,442,A47B9D000001,03-01 18:59:32
505,62,443,18FE34A2C752,03-01 18:59:34
506,62,444,18FE34A2C752,03-01 18:59:37
507,62,445,18FE34A2C752,03-01 18:59:41
508,62,446,18FE34A2C752,03-01 18:59:44
509,62,447,18FE34A2C752,03-01 18:59:48
510,62,448,18FE34A2C752,03-01 18:59:52
511,62,449,18FE34A2C752,03-01 18:59:55
512,62,450,18FE34A2C752,03-01 18:59:59
513,62,451,18FE34A2C752,03-01 19:00:03
514,62,452,18FE34A2C752,03-01 19:00:06
515,62,453,18FE34A2C752,03-01 19:00:10
516,62,454,18FE34A2C752,03-01 19:00:13
517,62,455,18FE34A2C752,03-01 19:00:14
518,62,456,A47B9D000001,03-01 19:00:25
519,62,457,18FE34A2C752,03-01 19:00:28
520,62,458,18FE34A2C752,03-01 19:00:32
521,62,459,18FE34A2C752,03-01 19:00:35
522,62,460,18FE34A2C752,03-01 19:00:39
523,62,461,18FE34A2C752,03-01 19:00:42
524,62,462,18FE34A2C752,03-01 19:00:46
525,62,463,18FE34A2C752,03-01 19:00:49
526,62,464,18FE34A2C752,03-01 19:00:53
527,62,465,18FE34A2C752,03-01 19:00:57
528,62,466,18FE34A2C752,03-01 19:01:00
529,62,467,18FE34A2C752,03-01 19:01:04
530,62,468,18FE34A2C752,03-01 19:01:17
531,62,469,A47B9D000001,03-01 19:01:17
532,62,470,18FE34A2C752,03-01 19:01:28
533,62,471,18FE34A2C752,03-01 19:01:32
534,62,472,18FE34A2C752,03-01 19:01:36
535,62,473,18FE34A2C752,03-01 19:01:39
536,62,474,18FE34A2C752,03-01 19:01:43
537,62,475,18FE34A2C752,03-01 19:01:46
538,62,476,18FE34A2C752,03-01 19:01:50
539,62,477,18FE34A2C752,03-01 19:01:54
540,62,478,18FE34A2C752,03-01 19:01:57
541,62,479,18FE34A2C752,03-01 19:02:01
542,62,480,18FE34A2C752,03-01 19:02:04
543,62,481,18FE34A2C752,03-01 19:02:08
544,62,482,18FE34A2C752,03-01 19:02:09
545,62,483,A47B9D000001,03-01 19:02:10
546,62,484,18FE34A2C752,03-01 19:02:13
547,62,485,18FE34A2C752,03-01 19:02:16
548,62,486,18FE34A2C752,03-01 19:02:20
549,62,487,18FE34A2C752,03-01 19:02:24
550,62,488,18FE34A2C752,03-01 19:02:27
551,62,489,18FE34A2C752,03-01 19:02:31
552,62,490,18FE34A2C752,03-01 19:02:34
553,62,491,18FE34A2C752,03-01 19:02:38
554,62,492,18FE34A2C752,03-01 19:02:42
555,62,493,18FE34A2C752,03-01 19:02:45
556,62,494,18FE34A2C752,03-01 19:02:49
557,62,495,18FE34A2C752,03-01 19:02:53
558,62,496,18FE34A2C752,03-01 19:02:56
559,62,497,18FE34A2C752,03-01 19:03:00
560,62,498,18FE34A2C752,03-01 19:03:00
561,62,499,A47B9D000001,03-01 19:03:02
562,62,500,18FE34A2C752,03-01 19:03:04
563,62,501,18FE34A2C752,03-01 19:03:08
564,62,502,18FE34A2C752,03-01 19:03:11
565,62,503,18FE34A2C752,03-01 19:03:15
566,62,504,18FE34A2C752,03-01 19:03:18
567,62,505,18FE34A2C752,03-01 19:03:22
568,62,506,18FE34A2C752,03-01 19:03:25
569,62,507,18FE34A2C752,03-01 19:03:29
570,62,508,18FE34A2C752,03-01 19:03:33
571,62,509,18FE34A2C752,03-01 19:03:36
572,62,510,18FE34A2C752,03-01 19:03:40
573,62,511,18FE34A2C752,03-01 19:03:43
574,62,512,18FE34A2C752,03-01 19:03:47
575,62,513,18FE34A2C752,03-01 19:03:51
576,62,514,18FE34A2C752,03-01 19:03:52
577,62,515,A47B9D000001,03-01 19:03:55
578,62,516,18FE34A2C752,03-01 19:03:56
579,62,517,18FE34A2C752,03-01 19:03:59
580,62,518,18FE34A2C752,03-01 19:04:03
581,62,519,18FE34A2C752,03-01 19:04:07
582,62,520,18FE34A2C752,03-01 19:04:10
583,62,521,18FE34A2C752,03-01 19:04:14
584,62,522,18FE34A2C752,03-01 19:04:17
585,62,523,18FE34A2C752,03-01 19:04:21
586,62,524,18FE34A2C752,03-01 19:04:24
587,62,525,18FE34A2C752,03-01 19:04:28
588,62,526,18FE34A2C752,03-01 19:04:32
589,62,527,18FE34A2C752,03-01 19:04:35
590,62,528,18FE34A2C752,03-01 19:04:39
591,62,529,18FE34A2C752,03-01 19:04:42
592,62,530,18FE34A2C752,03-01 19:04:43
593,62,531,18FE34A2C752,03-01 19:04:47
594,62,532,A47B9D000001,03-01 19:04:47
595,62,533,18FE34A2C752,03-01 19:04:51
596,62,534,18FE34A2C752,03-01 19:04:54
597,62,535,18FE34A2C752,03-01 19:04:58
598,62,536,18FE34A2C752,03-01 19:05:01
599,62,537,18FE34A2C752,03-01 19:05:05
600,62,538,18FE34A2C752,03-01 19:05:08
601,62,539,18FE34A2C752,03-01 19:05:12
602,62,540,18FE34A2C752,03-01 19:05:16
603,62,541,18FE34A2C752,03-01 19:05:19
604,62,542,18FE34A2C752,03-01 19:05:23
605,62,543,18FE34A2C752,03-01 19:05:26
606,62,544,18FE34A2C752,03-01 19:05:30
607,62,545,18FE34A2C752,03-01 19:05:34
608,62,546,18FE34A2C752,03-01 19:05:35
609,62,547,18FE34A2C752,03-01 19:05:38
610,62,548,A47B9D000001,03-01 19:05:40
611,62,549,18FE34A2C752,03-01 19:05:42
612,62,550,18FE34A2C752,03-01 19:05:46
613,62,551,18FE34A2C752,03-01 19:05:49
614,62,552,18FE34A2C752,03-01 19:05:53
615,62,553,18FE34A2C752,03-01 19:05:56
616,62,554,18FE34A2C752,03-01 19:06:00
617,62,555,18FE34A2C752,03-01 19:06:04
618,62,556,18FE34A2C752,03-01 19:06:07
619,62,557,18FE34A2C752,03-01 19:06:11
620,62,558,18FE34A2C752,03-01 19:06:14
621,62,559,18FE34A2C752,03-01 19:06:18
622,62,560,18FE34A2C752,03-01 19:06:21
623,62,561,18FE34A2C752,03-01 19:06:25
624,62,562,18FE34A2C752,03-01 19:06:26
625,62,563,18FE34A2C752,03-01 19:06:30
626,62,564,A47B9D000001,03-01 19:06:32
627,62,565,18FE34A2C752,03-01 19:06:33
628,62,566,18FE34A2C752,03-01 19:06:37
629,62,567,18FE34A2C752,03-01 19:06:40
630,62,568,18FE34A2C752,03-01 19:06:44
631,62,569,18FE34A2C752,03-01 19:06:48
632,62,570,18FE34A2C752,03-01 19:06:51
633,62,571,18FE34A2C752,03-01 19:06:55
634,62,572,18FE34A2C752,03-01 19:06:58
635,62,573,18FE34A2C752,03-01 19:07:02
636,62,574,18FE34A2C752,03-01 19:07:06
637,62,575,18FE34A2C752,03-01 19:07:09
638,62,576,18FE34A2C752,03-01 19:07:13
639,62,577,18FE34A2C752,03-01 19:07:16
640,62,578,18FE34A2C752,03-01 19:07:18
641,62,579,18FE34A2C752,03-01 19:07:21
642,62,580,18FE34A2C752,03-01 19:07:25
643,62,581,A47B9D000001,03-01 19:07:25
644,62,582,18FE34A2C752,03-01 19:07:28
645,62,583,18FE34A2C752,03-01 19:07:32
646,62,584,18FE34A2C752,03-01 19:07:36
647,62,585,18FE34A2C752,03-01 19:07:39
648,62,586,18FE34A2C752,03-01 19:07:43
649,62,587,18FE34A2C752,03-01 19:07:46
650,62,588,18FE34A2C752,03-01 19:07:50
651,62,589,18FE34A2C752,03-01 19:07:53
652,62,590,18FE34A2C752,03-01 19:07:57
653,62,591,18FE34A2C752,03-01 19:08:01
654,62,592,18FE34A2C752,03-01 19:08:04
655,62,593,18FE34A2C752,03-01 19:08:08
656,62,594,18FE34A2C752,03-01 19:08:09
657,62,595,18FE34A2C752,03-01 19:08:12
658,62,596,18FE34A2C752,03-01 19:08:16
659,63,596,18FE34A2C752,03-01 19:08:18
660,64,596,A47B9D000001,03-01 19:08:18
661,64,597,18FE34A2C752,03-01 19:08:22
662,64,598,18FE34A2C752,03-01 19:08:26
663,65,598,A47B9D000001,03-01 19:08:29
664,66,598,18FE34A2C752,03-01 19:08:29
665,66,599,18FE34A2C752,03-01 19:08:32
666,66,600,18FE34A2C752,03-01 19:08:36
667,67,600,18FE34A2C752,03-01 19:08:39
668,68,600,A47B9D000001,03-01 19:08:39
669,69,600,A47B9D000001,03-01 19:10:24
670,70,600,18FE34A2C752,03-01 19:10:25
671,71,600,A47B9D000001,03-01 19:10:32
672,72,600,18FE34A2C752,03-01 19:10:33
673,73,600,A47B9D000001,03-01 19:10:44
674,73,601,18FE34A2C752,03-01 19:10:44
675,74,601,18FE34A2C752,03-01 19:10:58
676,75,601,A47B9D000001,03-01 19:10:58
677,75,602,18FE34A2C752,03-01 19:14:15
678,75,603,A47B9D000001,03-01 19:14:16
679,76,603,18FE34A2C752,03-01 19:14:42
680,77,603,A47B9D000001,03-01 19:14:42
681,77,604,18FE34A2C752,03-01 19:14:50
682,78,604,A47B9D000001,03-01 19:14:51
683,79,604,18FE34A2C752,03-01 19:15:00
684,80,604,A47B9D000001,03-01 19:15:01
685,81,604,A47B9D000001,03-01 19:17:15
686,82,604,18FE34A2C752,03-01 19:17:16
687,82,605,18FE34A2C752,03-01 19:17:20
688,83,605,A47B9D000001,03-01 19:19:45
689,84,605,18FE34A2C752,03-01 19:19:46
690,85,605,18FE34A2C752,03-01 19:19:55
691,86,605,A47B9D000001,03-01 19:19:56
692,86,606,18FE34A2C752,03-01 19:23:39
693,86,607,A47B9D000001,03-01 19:23:40
694,86,608,A47B9D000001,03-01 19:23:51
695,86,609,18FE34A2C752,03-01 19:23:52
696,87,609,A47B9D000001,03-01 19:24:01
697,88,609,18FE34A2C752,03-01 19:24:01
698,89,609,18FE34A2C752,03-01 19:24:12
699,90,609,A47B9D000001,03-01 19:24:12
700,90,610,18FE34A2C752,03-01 19:24:25
701,90,611,A47B9D000001,03-01 19:24:25
702,90,612,18FE34A2C752,03-01 19:24:39
703,90,613,A47B9D000001,03-01 19:24:39
704,91,613,18FE34A2C752,03-01 19:24:47
705,92,613,A47B9D000001,03-01 19:24:47
706,93,613,18FE34A2C752,03-01 19:31:22
707,93,614,A47B9D000001,03-01 19:31:23
708,94,614,18FE34A2C752,03-01 19:31:36
709,94,615,A47B9D000001,03-01 19:31:37
710,95,615,18FE34A2C752,03-01 19:31:51
711,95,616,A47B9D000001,03-01 19:31:52
712,96,616,A47B9D000001,03-01 19:37:39
713,96,617,18FE34A2C752,03-01 19:37:40
714,97,617,2C3AE82204BF,03-01 19:37:41
715,98,617,2C3AE818D7D7,03-01 19:37:42
716,98,618,2C3AE8081019,03-02 17:43:43
717,98,619,5CCF7F017BF5,03-02 17:43:44
718,98,620,2C3AE8081019,03-02 17:45:21
719,98,621,2C3AE8081014,03-02 17:46:35
720,98,622,2C3AE8081014,03-02 17:46:48
721,98,623,2C3AE8081014,03-02 17:46:53
722,98,624,2C3AE8081014,03-02 17:48:04
723,98,625,18FE34DA90A3,03-02 17:56:10
724,98,626,2C3AE8081014,03-02 18:00:35
725,99,626,2C3AE8081019,03-02 18:00:35
726,99,627,18FE34DA90A3,03-02 18:00:35
727,99,628,5CCF7F017BF5,03-02 18:00:35
728,99,629,2C3AE8081014,03-02 18:00:46
729,100,629,5CCF7F017BF5,03-02 18:00:46
730,100,630,2C3AE8081019,03-02 18:00:46
731,100,631,18FE34DA90A3,03-02 18:00:46
732,100,632,2C3AE8081014,03-02 18:01:01
733,100,633,2C3AE8081019,03-02 18:01:01
734,100,634,18FE34DA90A3,03-02 18:01:01
735,100,635,5CCF7F017BF5,03-02 18:01:01
736,101,635,2C3AE8081019,03-02 18:03:08
737,101,636,5CCF7F017BF5,03-02 18:03:12
738,102,636,2C3AE8081014,03-02 18:03:13
739,103,636,18FE34DA90A3,03-02 18:03:14
740,103,637,5CCF7F017BF5,03-02 18:04:50
741,103,638,2C3AE8081019,03-02 18:04:51
742,103,639,2C3AE8081014,03-02 18:04:52
743,104,639,18FE34DA90A3,03-02 18:05:02
744,105,639,5CCF7F017BF5,03-02 18:05:04
745,106,639,2C3AE8081019,03-02 18:05:04
746,107,639,2C3AE8081014,03-02 18:05:05
747,107,640,5CCF7F017BF5,03-02 18:05:21
748,108,640,18FE34DA90A3,03-02 18:05:21
749,108,641,2C3AE8081019,03-02 18:05:21
750,108,642,2C3AE8081014,03-02 18:05:21
751,108,643,000000000000,03-05 11:18:51
752,108,644,]2C3AE808102,03-05 17:06:31
753,108,645,]2C3AE808105,03-05 17:06:32
754,108,646,5CCF7F017BF5,03-05 17:06:32
755,108,647,]2C3AE808102,03-05 17:07:49
756,108,648,]2C3AE808105,03-05 17:07:50
757,108,649,5CCF7F017BF5,03-05 17:07:50
758,108,650,]2C3AE808102,03-05 17:07:54
759,108,651,]2C3AE808105,03-05 17:07:54
760,108,652,5CCF7F017BF5,03-05 17:07:55
761,108,653,]2C3AE808102,03-05 17:08:07
762,108,654,]2C3AE808105,03-05 17:08:07
763,108,655,]2C3AE808102,03-05 17:09:53
764,108,656,]2C3AE808105,03-05 17:09:54
765,108,657,5CCF7F017BF5,03-05 17:09:55
766,108,658,2C3AE8081014,03-05 17:09:56
767,108,659,]2C3AE808102,03-05 17:10:00
768,108,660,]2C3AE808105,03-05 17:10:02
769,108,661,]2C3AE808102,03-05 17:10:41
770,108,662,5CCF7F017BF5,03-05 17:10:41
771,108,663,]2C3AE808105,03-05 17:10:41
772,108,664,2C3AE8081014,03-05 17:10:41
773,108,665,2C3AE8081014,03-05 17:10:46
774,108,666,]2C3AE808102,03-05 17:10:47
775,108,667,]2C3AE808105,03-05 17:10:47
776,108,668,5CCF7F017BF5,03-05 17:10:48
777,109,668,]2C3AE808102,03-05 17:11:34
778,110,668,5CCF7F017BF5,03-05 17:11:35
779,110,669,]2C3AE808105,03-05 17:11:35
780,110,670,2C3AE8081014,03-05 17:12:01
781,111,670,]2C3AE808105,03-05 17:12:02
782,111,671,2C3AE8081014,03-05 17:12:14
783,111,672,]2C3AE808102,03-05 17:14:09
784,111,673,5CCF7F017BF5,03-05 17:14:09
785,111,674,2C3AE8081014,03-05 17:14:09
786,112,674,2C3AE808103D,03-05 17:16:01
787,112,675,2C3AE8081021,03-05 17:16:01
788,112,676,2C3AE8081021,03-05 17:16:10
789,113,676,2C3AE808104D,03-05 17:16:12
790,113,677,2C3AE8081021,03-05 17:16:25
791,113,678,2C3AE8081021,03-05 17:16:31
792,113,679,2C3AE8081021,03-05 17:17:10
793,113,680,]2C3AE808106,03-05 17:17:40
794,114,680,2C3AE8081018,03-05 17:17:42
795,115,680,18FE34DA90A3,03-05 17:17:43
796,116,680,2C3AE808103E,03-05 17:17:43
797,116,681,]2C3AE808106,03-05 17:18:07
798,116,682,]2C3AE808106,03-05 17:18:14
799,116,683,]2C3AE808106,03-05 17:18:22
800,116,684,]2C3AE808106,03-05 17:20:53
801,116,685,]2C3AE808106,03-05 17:23:17
802,116,686,]2C3AE808106,03-05 17:23:30
803,116,687,]2C3AE808106,03-05 17:26:23
804,116,688,2C3AE8081060,03-05 17:28:10
805,117,688,2C3AE8081027,03-05 17:34:34
806,117,689,2C3AE808100E,03-05 17:34:44
807,117,690,2C3AE808100E,03-05 17:35:50
808,117,691,000000000000,03-05 17:36:06
809,117,692,2C3AE808100E,03-05 17:36:10
810,117,693,2C3AE808100E,03-05 17:36:45
811,117,694,2C3AE808100E,03-05 17:37:08
812,117,695,2C3AE808100E,03-05 17:37:51
813,117,696,2C3AE808100E,03-05 17:38:24
814,117,697,2C3AE808100E,03-05 17:38:32
815,118,697,2C3AE8081005,03-05 18:50:12
816,118,698,2C3AE8081059,03-05 18:50:12
817,118,699,2C3AE808103C,03-05 18:50:13
818,119,699,2C3AE8081010,03-05 18:50:14
819,119,700,2C3AE808103C,03-05 18:50:32
820,119,701,2C3AE8081059,03-05 18:50:33
821,119,702,2C3AE8081059,03-05 18:50:53
822,119,703,2C3AE808103C,03-05 18:50:53
823,119,704,2C3AE8081059,03-05 18:53:07
824,119,705,2C3AE808103C,03-05 18:53:08
825,119,706,18FE34DAE01D,03-05 18:56:11
826,119,707,18FE34DACE4C,03-05 18:56:11
827,119,708,2C3AE808103A,03-05 18:56:12
828,119,709,2C3AE8081046,03-05 18:56:13
829,119,710,5CCF7FF228F8,03-05 19:40:25
830,120,710,5CCF7FF228F8,03-05 19:44:03
831,120,711,5CCF7FF228F8,03-05 19:46:03
832,121,711,5CCF7FF228F8,03-05 20:01:50
833,122,711,5CCF7FF228F8,03-05 20:04:13
834,122,712,2C3AE808104D,03-05 20:26:42
835,123,712,2C3AE8081025,03-05 20:26:43
836,124,712,2C3AE8081005,03-05 20:26:44
837,125,712,5CCF7F9E2C26,03-05 20:26:47
838,125,713,2C3AE808104D,03-05 20:27:02
839,126,713,2C3AE808104D,03-05 20:27:13
840,127,713,2C3AE808100D,03-05 20:35:49
841,128,713,2C3AE8081016,03-05 20:36:42
842,129,713,18FE34DA90F7,03-05 20:37:21
843,130,713,2C3AE808102A,03-05 20:37:21
844,131,713,2C3AE808105E,03-05 20:37:55
845,132,713,2C3AE8081004,03-05 20:37:55
846,133,713,2C3AE8081027,03-05 20:38:19
847,134,713,2C3AE8081020,03-05 20:38:20
848,135,713,2C3AE8081029,03-05 20:38:46
849,136,713,2C3AE8081006,03-05 20:38:47
850,137,713,2C3AE808103A,03-05 20:38:47
851,138,713,2C3AE8081052,03-05 20:38:48
852,139,713,5CCF7F057692,03-05 21:20:53
853,140,713,2C3AE808104F,03-05 21:20:54
854,141,713,2C3AE808104A,03-05 21:20:55
855,142,713,2C3AE8081050,03-05 21:20:55
856,143,713,2C3AE8081014,03-05 21:24:31
857,144,713,2C3AE8081841,03-05 21:24:32
858,145,713,2C3AE8081053,03-05 21:24:33
859,146,713,18FE34DACE4C,03-05 21:25:56
860,147,713,18FE34DAE01D,03-05 21:25:57
861,148,713,2C3AE8081038,03-05 21:25:58
862,149,713,2C3AE808103D,03-05 21:26:31
863,150,713,2C3AE8081046,03-05 21:26:32
864,151,713,2C3AE8081015,03-05 21:26:33
865,152,713,2C3AE8081032,03-05 21:26:34
866,153,713,2C3AE808102B,03-05 21:30:21
867,154,713,5CCF7F017BF5,03-05 21:30:22
868,155,713,18FE34DA90A3,03-05 21:30:23
869,156,713,2C3AE808103B,03-05 21:30:24
870,156,714,5CCF7F017BF5,03-05 21:43:47
871,156,715,2C3AE808102B,03-05 21:51:47
872,157,715,2C3AE808103E,03-05 22:25:38
873,158,715,2C3AE808100A,03-05 22:25:38
874,159,715,2C3AE808105A,03-05 22:25:39
875,160,715,5CCF7F0ADA09,03-05 22:25:40
876,160,716,2C3AE8081013,03-05 22:48:26
877,161,716,2C3AE8081018,03-05 22:48:27
878,162,716,5CCF7FB68847,03-05 22:48:27
879,163,716,2C3AE808101E,03-05 22:48:29
880,163,717,5CCF7F0175EF,03-06 11:49:29
881,163,718,5CCF7F0175EF,03-06 11:49:47
882,163,719,5CCF7F0175EF,03-06 11:50:39
883,163,720,5CCF7F0175EF,03-06 11:50:46
884,163,721,5CCF7F0175EF,03-06 11:51:09
885,163,722,5CCF7F017D68,03-06 11:52:03
886,163,723,5CCF7F017D68,03-06 11:53:20
887,163,724,5CCF7F017D68,03-06 11:54:55
888,163,725,5CCF7F276120,03-06 16:36:02
889,163,726,5CCF7F276120,03-06 16:36:23
890,163,727,5CCF7F01832E,03-06 16:36:24
891,163,728,5CCF7F01832E,03-06 16:37:42
892,163,729,5CCF7F276120,03-06 16:37:43
893,163,730,5CCF7F276120,03-06 16:39:09
894,163,731,5CCF7F01832E,03-06 16:39:10
895,163,732,5CCF7F01832E,03-06 19:54:50
896,163,733,5CCF7F276120,03-06 19:54:51
897,163,734,000000000000,03-06 19:55:03
898,163,735,5CCF7F276120,03-06 19:55:04
899,163,736,5CCF7F01832E,03-06 19:55:04
900,163,737,000000000000,03-06 19:55:06
901,163,738,5CCF7F01832E,03-06 19:55:23
902,163,739,5CCF7F276120,03-06 19:55:24
903,163,740,000000000000,03-06 19:55:35
904,163,741,000000000000,03-06 19:55:37
905,163,742,5CCF7F276120,03-06 19:55:49
906,163,743,5CCF7F01832E,03-06 19:55:49
907,163,744,000000000000,03-06 19:56:00
908,163,745,000000000000,03-06 19:56:02
909,163,746,5CCF7F01832E,03-07 09:51:46
910,163,747,5CCF7F01832E,03-07 09:52:20
911,163,748,5CCF7F01832E,03-07 09:52:29
912,163,749,5CCF7F01832E,03-07 09:52:37
913,163,750,5CCF7F01832E,03-07 09:52:48
914,163,751,5CCF7F01832E,03-07 09:53:08
915,163,752,5CCF7F01832E,03-07 09:53:30
916,163,753,5CCF7F01832E,03-07 10:59:17
917,163,754,5CCF7F01832E,03-07 10:59:31
918,163,755,5CCF7F01832E,03-07 10:59:41
919,163,756,5CCF7F01832E,03-07 10:59:50
920,163,757,18FE34E7615E,03-07 11:00:28
921,163,758,18FE34E7615E,03-07 11:00:37
922,163,759,18FE34E7615E,03-07 11:03:23
923,163,760,18FE34E76275,03-07 11:10:16
924,164,760,5CCF7F0182A1,03-07 11:12:38
925,164,761,000000000000,03-07 11:12:58
926,164,762,000000000000,03-07 11:12:58
927,164,763,000000000000,03-07 11:12:58
928,164,764,000000000000,03-07 11:13:01
929,164,765,000000000000,03-07 11:13:01
930,164,766,000000000000,03-07 11:13:01
931,164,767,000000000000,03-07 11:13:06
932,164,768,000000000000,03-07 11:13:06
933,164,769,000000000000,03-07 11:13:06
934,164,770,000000000000,03-07 11:13:40
935,164,771,000000000000,03-07 11:13:40
936,164,772,5CCF7F0182A1,03-07 11:13:40
937,164,773,000000000000,03-07 11:13:40
938,165,773,18FE34E7626C,03-07 11:26:04
939,166,773,5CCF7F017608,03-07 11:28:43
940,167,773,5CCF7F018029,03-07 11:28:44
941,167,774,5CCF7F0182ED,03-07 11:29:29
942,168,774,5CCF7F017B4E,03-07 11:29:29
943,169,774,5CCF7F018135,03-07 11:29:30
944,170,774,5CCF7F017076,03-07 11:29:32
945,171,774,5CCF7F0182ED,03-07 12:03:24
946,171,775,000000000000,03-07 12:03:32
947,171,776,000000000000,03-07 12:03:32
948,171,777,5CCF7F0182ED,03-07 12:03:32
949,171,778,000000000000,03-07 12:03:32
950,171,779,5CCF7F0183D7,03-07 14:08:03
951,171,780,5CCF7F0183D7,03-07 14:08:07
952,171,781,5CCF7F0183D7,03-07 14:08:12
953,171,782,5CCF7F0183D7,03-07 14:08:17
954,171,783,5CCF7F0183D7,03-07 14:08:22
955,171,784,5CCF7F079D68,03-07 14:23:29
956,171,785,5CCF7F079D68,03-07 14:23:36
957,171,786,000000000000,03-07 14:23:39
958,171,787,000000000000,03-07 14:23:39
959,171,788,000000000000,03-07 14:23:39
960,172,788,5CCF7F079D68,03-07 15:19:09
961,173,788,5CCF7F079D68,03-07 15:25:03
962,174,788,5CCF7F079D68,03-07 15:25:08
963,175,788,5CCF7F079D68,03-07 15:29:15
964,176,788,5CCF7F079D68,03-07 15:29:20
965,177,788,5CCF7F079D68,03-07 15:29:27
966,178,788,5CCF7F079D68,03-07 15:29:33
967,179,788,5CCF7F079D68,03-07 16:07:18
968,180,788,5CCF7F079D68,03-07 16:07:23
969,181,788,000000000000,03-07 16:07:27
970,182,788,000000000000,03-07 16:07:27
971,183,788,000000000000,03-07 16:07:27
972,184,788,5CCF7F079D68,03-07 16:33:15
973,185,788,5CCF7F079D68,03-07 16:34:08
974,186,788,5CCF7F079D68,03-07 16:34:13
975,187,788,5CCF7F079D68,03-07 16:34:27
976,188,788,5CCF7F079D68,03-07 16:45:32
977,189,788,5CCF7F079D68,03-07 16:46:41
978,189,789,5CCF7F079D68,03-07 16:47:57
979,189,790,5CCF7F079D68,03-07 16:48:16
980,189,791,5CCF7F079D68,03-07 16:48:28
981,190,791,5CCF7F017F4D,03-07 16:49:13
982,191,791,5CCF7F0181C8,03-07 16:51:39
983,192,791,18FE34DA9683,03-07 16:51:40
984,193,791,5CCF7F0185A1,03-07 16:51:42
985,194,791,5CCF7F0184D7,03-07 16:52:43
986,195,791,18FE34DADD84,03-07 16:52:44
987,196,791,5CCF7F018099,03-07 16:52:44
988,197,791,5CCF7F0175ED,03-07 16:52:46
989,198,791,5CCF7F016C8A,03-07 17:27:34
990,199,791,5CCF7F017E6E,03-07 17:36:42
991,199,792,5CCF7F017CA3,03-07 17:37:43
992,199,793,5CCF7F017CA3,03-07 17:39:24
993,199,794,5CCF7F017CA3,03-07 17:39:30
994,199,795,5CCF7F017CA3,03-07 17:39:47
995,199,796,5CCF7F017CA3,03-07 17:39:52
996,199,797,5CCF7F017CA3,03-07 17:39:56
997,199,798,5CCF7F017CA3,03-07 17:40:01
998,199,799,5CCF7F017CA3,03-07 17:40:06
999,199,800,5CCF7F017CA3,03-07 17:40:10
1000,199,801,5CCF7F017CA3,03-07 17:40:15
1001,199,802,5CCF7F017CA3,03-07 17:40:19
1002,199,803,5CCF7F017CA3,03-07 17:40:24
1003,199,804,5CCF7F017CA3,03-07 17:40:29
1004,199,805,5CCF7F017CA3,03-07 17:40:33
1005,199,806,5CCF7F017CA3,03-07 17:40:38
1006,199,807,5CCF7F017CA3,03-07 17:40:42
1007,199,808,5CCF7F017CA3,03-07 17:40:47
1008,199,809,5CCF7F017CA3,03-07 17:40:52
1009,199,810,5CCF7F017CA3,03-07 17:40:56
1010,199,811,5CCF7F017CA3,03-07 17:41:01
1011,199,812,5CCF7F017CA3,03-07 17:41:05
1012,199,813,5CCF7F017CA3,03-07 17:41:16
1013,199,814,5CCF7F017CA3,03-07 17:41:20
1014,199,815,5CCF7F017CA3,03-07 17:41:25
1015,199,816,5CCF7F017CA3,03-07 17:41:29
1016,199,817,5CCF7F017CA3,03-07 17:41:34
1017,199,818,5CCF7F017901,03-07 17:41:46
1018,199,819,5CCF7F017CA3,03-07 17:41:47
1019,199,820,5CCF7F018033,03-07 17:41:49
1020,199,821,5CCF7F017EBA,03-07 17:41:49
1021,199,822,5CCF7F017901,03-07 17:41:51
1022,199,823,5CCF7F017CA3,03-07 17:41:51
1023,199,824,5CCF7F018033,03-07 17:41:53
1024,199,825,5CCF7F017EBA,03-07 17:41:54
1025,199,826,5CCF7F017901,03-07 17:41:55
1026,199,827,5CCF7F017CA3,03-07 17:41:56
1027,199,828,5CCF7F018033,03-07 17:41:57
1028,199,829,5CCF7F017EBA,03-07 17:41:58
1029,199,830,5CCF7F017901,03-07 17:41:59
1030,199,831,5CCF7F017CA3,03-07 17:42:00
1031,199,832,5CCF7F018033,03-07 17:42:02
1032,199,833,5CCF7F017EBA,03-07 17:42:02
1033,199,834,5CCF7F017901,03-07 17:42:04
1034,199,835,5CCF7F017CA3,03-07 17:42:04
1035,199,836,5CCF7F018033,03-07 17:42:06
1036,199,837,5CCF7F017EBA,03-07 17:42:06
1037,199,838,5CCF7F017901,03-07 17:42:08
1038,199,839,5CCF7F017CA3,03-07 17:42:09
1039,199,840,5CCF7F018033,03-07 17:42:10
1040,199,841,5CCF7F017EBA,03-07 17:42:11
1041,199,842,5CCF7F017901,03-07 17:42:12
1042,199,843,5CCF7F017CA3,03-07 17:42:13
1043,199,844,5CCF7F018033,03-07 17:42:15
1044,199,845,5CCF7F017EBA,03-07 17:42:15
1045,199,846,5CCF7F017901,03-07 17:42:17
1046,199,847,5CCF7F017CA3,03-07 17:42:17
1047,199,848,5CCF7F018033,03-07 17:42:19
1048,199,849,5CCF7F017EBA,03-07 17:42:20
1049,199,850,5CCF7F017901,03-07 17:42:21
1050,199,851,5CCF7F017CA3,03-07 17:42:21
1051,199,852,5CCF7F018033,03-07 17:42:24
1052,199,853,5CCF7F017EBA,03-07 17:42:24
1053,199,854,5CCF7F017901,03-07 17:42:25
1054,199,855,5CCF7F017CA3,03-07 17:42:26
1055,199,856,5CCF7F018033,03-07 17:42:28
1056,199,857,5CCF7F017EBA,03-07 17:42:29
1057,199,858,5CCF7F017901,03-07 17:42:30
1058,199,859,5CCF7F017CA3,03-07 17:42:30
1059,199,860,5CCF7F018033,03-07 17:42:32
1060,199,861,5CCF7F017EBA,03-07 17:42:33
1061,199,862,5CCF7F017901,03-07 17:42:34
1062,199,863,5CCF7F017CA3,03-07 17:42:34
1063,199,864,5CCF7F018033,03-07 17:42:37
1064,199,865,5CCF7F017EBA,03-07 17:42:37
1065,199,866,5CCF7F017901,03-07 17:42:38
1066,199,867,5CCF7F017CA3,03-07 17:42:39
1067,199,868,5CCF7F018033,03-07 17:42:41
1068,199,869,5CCF7F017EBA,03-07 17:42:42
1069,199,870,5CCF7F017901,03-07 17:42:43
1070,199,871,5CCF7F017CA3,03-07 17:42:43
1071,199,872,5CCF7F018033,03-07 17:42:46
1072,199,873,5CCF7F017EBA,03-07 17:42:46
1073,199,874,5CCF7F017901,03-07 17:42:47
1074,199,875,5CCF7F017CA3,03-07 17:42:47
1075,199,876,5CCF7F018033,03-07 17:42:50
1076,199,877,5CCF7F017EBA,03-07 17:42:50
1077,199,878,5CCF7F017901,03-07 17:42:51
1078,199,879,5CCF7F017CA3,03-07 17:42:52
1079,199,880,5CCF7F018033,03-07 17:44:32
1080,199,881,5CCF7F017EBA,03-07 17:44:33
1081,199,882,5CCF7F017CA3,03-07 17:44:33
1082,199,883,5CCF7F017901,03-07 17:44:33
1083,199,884,5CCF7F018033,03-07 17:44:36
1084,199,885,5CCF7F017CA3,03-07 17:44:37
1085,199,886,5CCF7F017EBA,03-07 17:44:38
1086,199,887,5CCF7F017901,03-07 17:44:38
1087,199,888,5CCF7F018033,03-07 17:44:41
1088,199,889,5CCF7F017CA3,03-07 17:44:41
1089,199,890,5CCF7F017EBA,03-07 17:44:42
1090,199,891,5CCF7F017901,03-07 17:44:42
1091,199,892,5CCF7F018033,03-07 17:44:45
1092,199,893,5CCF7F018033,03-07 17:45:47
1093,199,894,5CCF7F017901,03-07 17:45:47
1094,199,895,5CCF7F017EBA,03-07 17:45:47
1095,199,896,5CCF7F018033,03-07 17:45:51
1096,199,897,5CCF7F017901,03-07 17:45:52
1097,199,898,5CCF7F017EBA,03-07 17:45:52
1098,199,899,5CCF7F017CA3,03-07 17:45:55
1099,199,900,5CCF7F018033,03-07 17:45:55
1100,199,901,5CCF7F017901,03-07 17:45:56
1101,199,902,5CCF7F017EBA,03-07 17:45:56
1102,199,903,5CCF7F017CA3,03-07 17:45:59
1103,199,904,5CCF7F018033,03-07 17:46:00
1104,199,905,5CCF7F017EBA,03-07 17:46:11
1105,199,906,5CCF7F017901,03-07 17:46:12
1106,199,907,5CCF7F017CA3,03-07 17:46:12
1107,199,908,5CCF7F018033,03-07 17:47:02
1108,199,909,5CCF7F017CA3,03-07 17:47:03
1109,199,910,5CCF7F017EBA,03-07 17:47:03
1110,199,911,5CCF7F017901,03-07 17:47:04
1111,199,912,5CCF7F018033,03-07 17:47:09
1112,199,913,5CCF7F017CA3,03-07 17:47:10
1113,199,914,5CCF7F017EBA,03-07 17:47:11
1114,199,915,5CCF7F017901,03-07 17:47:11
1115,199,916,5CCF7F017CA3,03-07 17:47:31
1116,199,917,5CCF7F017EBA,03-07 17:47:32
1117,199,918,5CCF7F018033,03-07 17:47:32
1118,199,919,5CCF7F017901,03-07 17:47:35
1119,199,920,5CCF7F017CA3,03-07 17:47:45
1120,199,921,5CCF7F018033,03-07 17:47:45
1121,199,922,5CCF7F017901,03-07 17:47:45
1122,199,923,5CCF7F017EBA,03-07 17:47:50
1123,199,924,5CCF7F017CA3,03-07 17:47:52
1124,199,925,5CCF7F017901,03-07 17:47:57
1125,199,926,5CCF7F017EBA,03-07 17:47:57
1126,199,927,5CCF7F018033,03-07 17:48:02
1127,199,928,5CCF7F017CA3,03-07 17:48:03
1128,199,929,5CCF7F017901,03-07 17:48:03
1129,199,930,5CCF7F017901,03-07 17:48:11
1130,199,931,5CCF7F018033,03-07 17:48:11
1131,199,932,5CCF7F017EBA,03-07 17:48:12
1132,199,933,5CCF7F017901,03-07 17:48:20
1133,199,934,5CCF7F017EBA,03-07 17:48:21
1134,199,935,5CCF7F017CA3,03-07 17:48:21
1135,199,936,5CCF7F018033,03-07 17:48:22
1136,199,937,5CCF7F017901,03-07 17:48:28
1137,199,938,5CCF7F017EBA,03-07 17:48:29
1138,199,939,5CCF7F017CA3,03-07 17:48:29
1139,199,940,5CCF7F018033,03-07 17:48:29
1140,199,941,5CCF7F017901,03-07 17:50:31
1141,199,942,5CCF7F017CA3,03-07 17:50:32
1142,199,943,5CCF7F017EBA,03-07 17:50:32
1143,199,944,5CCF7F018033,03-07 17:50:32
1144,200,944,5CCF7F017901,03-07 17:50:43
1145,201,944,5CCF7F017EBA,03-07 17:50:43
1146,202,944,5CCF7F018033,03-07 17:50:45
1147,203,944,5CCF7F017CA3,03-07 17:50:45
1148,203,945,5CCF7F017EBA,03-07 17:50:51
1149,203,946,5CCF7F017CA3,03-07 17:50:51
1150,203,947,5CCF7F018033,03-07 17:50:51
1151,204,947,5CCF7F018251,03-08 17:27:32
1152,205,947,18FE34DA9EA5,03-08 17:28:08
1153,205,948,5CCF7F017CCE,03-08 18:46:17
1154,205,949,5CCF7F017CCE,03-08 18:46:32
1155,205,950,5CCF7F017CCE,03-08 18:46:54
1156,205,951,5CCF7F017CCE,03-08 18:47:16
1157,205,952,5CCF7F017CCE,03-08 18:49:22
1158,205,953,5CCF7F017CCE,03-08 18:51:03
1159,205,954,5CCF7F017CCE,03-08 18:51:15
1160,205,955,5CCF7F017CCE,03-08 18:52:00
1161,205,956,5CCF7F017CCE,03-08 18:52:36
1162,205,957,5CCF7F017CCE,03-08 18:53:06
1163,206,957,5CCF7F017CCE,03-08 18:54:25
1164,207,957,5CCF7F017CCE,03-08 18:54:37
1165,208,957,5CCF7F017CCE,03-08 18:54:49
1166,209,957,5CCF7F017DDA,03-08 18:55:10
1167,210,957,5CCF7F018010,03-08 18:55:11
1168,210,958,5CCF7F017CCE,03-08 18:55:15
1169,211,958,5CCF7F018010,03-08 18:55:28
1170,211,959,5CCF7F9E2C26,03-08 18:55:29
1171,211,960,5CCF7F017DDA,03-08 18:55:29
1172,211,961,5CCF7F017CCE,03-08 18:55:29
1173,211,962,5CCF7F9E2C26,03-08 18:55:41
1174,211,963,5CCF7F017DDA,03-08 18:55:42
1175,211,964,5CCF7F017CCE,03-08 18:55:42
1176,212,964,5CCF7F018010,03-08 18:55:43
1177,213,964,5CCF7F017DDA,03-08 18:55:59
1178,213,965,5CCF7F9E2C26,03-08 18:56:04
1179,213,966,5CCF7F018010,03-08 18:56:04
1180,213,967,5CCF7F017CCE,03-08 18:56:04
1181,214,967,5CCF7F017DDA,03-08 18:56:29
1182,214,968,5CCF7F017CCE,03-08 18:56:33
1183,215,968,5CCF7F018010,03-08 18:56:33
1184,215,969,5CCF7F017DDA,03-08 18:56:44
1185,215,970,5CCF7F9E2C26,03-08 18:56:45
1186,216,970,5CCF7F018010,03-08 18:57:00
1187,217,970,5CCF7F017DDA,03-08 18:57:01
1188,218,970,5CCF7F017CCE,03-08 18:57:02
1189,218,971,5CCF7F9E2C26,03-08 18:57:02
1190,219,971,5CCF7F017DDA,03-08 18:57:11
1191,220,971,5CCF7F017CCE,03-08 18:57:12
1192,221,971,5CCF7F018010,03-08 18:57:13
1193,221,972,5CCF7F9E2C26,03-08 18:57:13
1194,222,972,5CCF7F018010,03-08 18:57:25
1195,222,973,5CCF7F9E2C26,03-08 18:57:26
1196,222,974,5CCF7F017DDA,03-08 18:57:27
1197,222,975,5CCF7F017CCE,03-08 18:57:27
1198,223,975,5CCF7F017DDA,03-08 18:57:45
1199,224,975,5CCF7F017CCE,03-08 18:57:46
1200,225,975,5CCF7F018010,03-08 18:57:47
1201,225,976,5CCF7F9E2C26,03-08 18:57:48
1202,226,976,5CCF7F017CCE,03-08 18:58:30
1203,227,976,5CCF7F017DDA,03-08 18:58:31
1204,227,977,5CCF7F9E2C26,03-08 18:58:31
1205,228,977,5CCF7F017DDA,03-08 18:58:55
1206,229,977,5CCF7F018010,03-08 18:58:56
1207,230,977,5CCF7F017CCE,03-08 18:58:57
1208,230,978,5CCF7F016C8A,03-08 18:58:58
1209,231,978,5CCF7F017CCE,03-08 18:59:09
1210,232,978,5CCF7F017DDA,03-08 18:59:10
1211,232,979,5CCF7F016C8A,03-08 18:59:11
1212,232,980,5CCF7F0182ED,03-08 19:14:49
1213,233,980,5CCF7F01823F,03-08 19:14:50
1214,233,981,5CCF7F0182ED,03-08 19:15:09
1215,234,981,5CCF7F018033,03-08 19:15:10
1216,235,981,5CCF7F017C57,03-08 19:15:10
1217,236,981,5CCF7F0ACD55,03-08 19:15:11
1218,236,982,5CCF7F0182ED,03-08 19:16:22
1219,237,982,5CCF7F0180D7,03-08 19:16:58
1220,238,982,18FE34DADD84,03-08 19:17:09
1221,239,982,5CCF7F0182F5,03-08 19:20:50
1222,240,982,5CCF7F016C84,03-08 19:22:11
1223,241,982,5CCF7F017C20,03-08 19:22:12
1224,242,982,18FE34DA9683,03-08 19:22:13
1225,243,982,18FE34DADD67,03-08 19:22:14
1226,243,983,5CCF7F018029,03-09 12:20:19
1227,244,983,5CCF7F018029,03-09 12:21:09
1228,244,984,5CCF7F018029,03-09 12:21:49
1229,244,985,5CCF7F018029,03-09 12:24:46
1230,244,986,5CCF7F018029,03-09 12:24:57
1231,244,987,5CCF7F018029,03-09 12:25:54
1232,244,988,5CCF7F018029,03-09 12:26:20
1233,244,989,5CCF7F018029,03-09 12:26:32
1234,244,990,18FE34E7626C,03-09 16:16:18
1235,244,991,5CCF7F017F4D,03-09 16:16:19
1236,244,992,5CCF7F018029,03-09 16:16:19
1237,244,993,18FE34E7615E,03-09 16:16:20
1238,244,994,5CCF7F018029,03-09 16:16:29
1239,244,995,18FE34E7626C,03-09 16:16:30
1240,244,996,18FE34E7615E,03-09 16:16:30
1241,244,997,5CCF7F017F4D,03-09 16:16:33
1242,244,998,5CCF7F018029,03-09 16:16:53
1243,244,999,5CCF7F017F4D,03-09 16:16:54
1244,244,1000,18FE34E7626C,03-09 16:16:54
1245,244,1001,18FE34E7615E,03-09 16:16:55
1246,244,1002,5CCF7F018029,03-09 16:17:08
1247,244,1003,5CCF7F017F4D,03-09 16:17:10
1248,244,1004,18FE34E7626C,03-09 16:17:10
1249,244,1005,18FE34E7615E,03-09 16:17:11
1250,245,1005,5CCF7F018029,03-09 16:17:33
1251,246,1005,5CCF7F017F4D,03-09 16:17:34
1252,246,1006,18FE34E7615E,03-09 16:17:38
1253,247,1006,18FE34E7626C,03-09 16:17:38
1254,248,1006,5CCF7F018029,03-09 16:17:46
1255,248,1007,18FE34E7626C,03-09 16:17:50
1256,249,1007,18FE34E7615E,03-09 16:17:51
1257,249,1008,5CCF7F017F4D,03-09 16:17:51
1258,250,1008,5CCF7F018029,03-09 16:18:00
1259,250,1009,18FE34E7626C,03-09 16:18:04
1260,251,1009,18FE34E7615E,03-09 16:18:05
1261,251,1010,5CCF7F017F4D,03-09 16:18:05
1262,252,1010,5CCF7F018029,03-09 16:18:14
1263,253,1010,18FE34E7626C,03-09 16:18:15
1264,254,1010,18FE34E7615E,03-09 16:18:16
1265,254,1011,5CCF7F017F4D,03-09 16:18:16
1266,255,1011,5CCF7F018029,03-09 16:18:24
1267,255,1012,18FE34E7626C,03-09 16:18:28
1268,256,1012,18FE34E7615E,03-09 16:18:29
1269,256,1013,5CCF7F017F4D,03-09 16:18:29
1270,257,1013,5CCF7F017F4D,03-09 16:18:56
1271,258,1013,18FE34E7626C,03-09 16:18:57
1272,258,1014,5CCF7F018029,03-09 16:18:57
1273,259,1014,18FE34E7615E,03-09 16:19:13
1274,260,1014,5CCF7F017F4D,03-09 16:19:16
1275,261,1014,18FE34E7626C,03-09 16:19:17
1276,261,1015,5CCF7F0175EF,03-09 16:19:18
1277,262,1015,18FE34E7615E,03-09 16:19:27
1278,262,1016,5CCF7F017F4D,03-09 16:19:31
1279,263,1016,18FE34E7626C,03-09 16:19:32
1280,263,1017,5CCF7F0175EF,03-09 16:19:32
1281,264,1017,18FE34E7615E,03-09 16:19:55
1282,264,1018,5CCF7F0175EF,03-09 16:20:00
1283,264,1019,5CCF7F017F4D,03-09 16:20:00
1284,264,1020,18FE34E7626C,03-09 16:20:00
1285,265,1020,18FE34E7615E,03-09 16:20:09
1286,266,1020,5CCF7F0175EF,03-09 16:20:11
1287,267,1020,18FE34E7626C,03-09 16:20:11
1288,267,1021,5CCF7F017F4D,03-09 16:20:12
1289,268,1021,5CCF7F017F4D,03-09 16:21:30
1290,268,1022,5CCF7F017F4D,03-09 16:22:10
1291,268,1023,5CCF7F017F4D,03-09 16:22:33
1292,269,1023,5CCF7F017F4D,03-09 16:22:57
1293,270,1023,18FE34E7626C,03-09 16:22:58
1294,271,1023,18FE34E7615E,03-09 16:22:59
1295,272,1023,5CCF7F017F4D,03-09 16:23:21
1296,272,1024,18FE34E7626C,03-09 16:23:22
1297,273,1024,18FE34E7615E,03-09 16:23:23
1298,274,1024,5CCF7F017F4D,03-09 16:24:38
1299,274,1025,18FE34E7626C,03-09 16:24:42
1300,275,1025,18FE34E7615E,03-09 16:24:43
1301,276,1025,5CCF7F017F4D,03-09 16:25:31
1302,276,1026,18FE34E7626C,03-09 16:26:53
1303,277,1026,18FE34E7615E,03-09 16:26:54
1304,278,1026,5CCF7F017F4D,03-09 16:29:19
1305,278,1027,18FE34E7626C,03-09 16:29:20
1306,279,1027,18FE34E7615E,03-09 16:29:21
1307,279,1028,18FE34E7626C,03-09 16:29:29
1308,280,1028,18FE34E7615E,03-09 16:29:29
1309,281,1028,5CCF7F017F4D,03-09 16:29:29
1310,282,1028,18FE34E7615E,03-09 16:29:40
1311,283,1028,5CCF7F017F4D,03-09 16:29:41
1312,284,1028,18FE34E7626C,03-09 16:29:42
1313,285,1028,5CCF7F017F4D,03-09 16:29:50
1314,286,1028,18FE34E7626C,03-09 16:29:51
1315,287,1028,18FE34E7615E,03-09 16:29:51
1316,288,1028,5CCF7F017F4D,03-09 16:29:57
1317,289,1028,18FE34E7626C,03-09 16:29:58
1318,290,1028,18FE34E7615E,03-09 16:29:59
1319,290,1029,5CCF7F017F4D,03-09 16:30:21
1320,290,1030,18FE34E7615E,03-09 16:30:22
1321,290,1031,18FE34E7626C,03-09 16:30:23
1322,290,1032,5CCF7F017F4D,03-09 16:30:32
1323,290,1033,18FE34E7626C,03-09 16:30:32
1324,290,1034,18FE34E7615E,03-09 16:30:33
1325,290,1035,5CCF7F017F4D,03-09 16:30:43
1326,290,1036,18FE34E7626C,03-09 16:30:43
1327,290,1037,18FE34E7615E,03-09 16:30:44
1328,290,1038,2C3AE82204B6,03-13 11:48:17
1329,290,1039,2C3AE82204B6,03-13 11:48:35
1330,290,1040,2C3AE82204B6,03-13 11:48:46
1331,291,1040,2C3AE82204B6,03-13 11:48:53
1332,291,1041,2C3AE82204B6,03-13 20:09:41
1333,291,1042,2C3AE82204B6,03-13 20:10:04
1334,291,1043,2C3AE82204B6,03-13 20:15:31
1335,291,1044,2C3AE82204B6,03-13 20:15:49
1336,291,1045,2C3AE82204B6,03-13 20:17:33
1337,291,1046,2C3AE82204B6,03-13 20:18:12
1338,291,1047,2C3AE82204B6,03-13 20:19:01
1339,291,1048,5CCF7F0180F4,03-13 20:21:56
1340,291,1049,5CCF7F0180F4,03-13 20:22:15
1341,291,1050,5CCF7F0180F4,03-13 20:22:33
1342,291,1051,5CCF7F0180F4,03-13 20:23:28
1343,292,1051,5CCF7F0180F4,03-13 20:23:45
1344,293,1051,5CCF7F0181C8,03-13 20:24:15
1345,294,1051,5CCF7F017A6D,03-13 20:27:35
1346,294,1052,5CCF7F01827E,03-13 20:29:42
1347,295,1052,5CCF7F01827E,03-13 20:33:24
1348,296,1052,18FE34DACE4C,03-13 20:33:46
1349,297,1052,5CCF7F0184D7,03-13 20:34:04
1350,297,1053,18FE34DAE01D,03-13 20:36:48
1351,297,1054,5CCF7F017C47,03-14 12:19:45
1352,297,1055,5CCF7F017C47,03-14 12:19:56
1353,297,1056,5CCF7F017C47,03-14 12:21:21
1354,297,1057,5CCF7F017C47,03-14 12:54:48
1355,298,1057,2C3AE82204B6,03-16 14:36:12
1356,298,1058,2C3AE82204B6,03-16 14:39:58
1357,299,1058,2C3AE82204B6,03-16 14:41:12
1358,299,1059,2C3AE82204B6,03-16 14:46:33
1359,300,1059,2C3AE82204B6,03-16 15:00:05
1360,301,1059,2C3AE82204B6,03-16 15:00:45
1361,302,1059,2C3AE82204B6,03-16 15:03:57
1362,302,1060,2C3AE82204B6,03-16 15:42:49
